bucket,total_inflow,total_outflow,transaction_count,avg_transaction_size,net_flow,cumulative_inflow,cumulative_outflow,liquidity_position,liquidity_utilisation_pct,hour,minute,time_of_day,rolling_net_flow_mean,rolling_net_flow_std,rolling_inflow_mean,rolling_outflow_mean,net_flow_lag1,net_flow_lag2,liquidity_position_lag1,liquidity_change,liquidity_change_pct,outflow_inflow_ratio,is_anomaly,anomaly_score
2024-01-15 07:00:00,1317176.91,1782959.57,12,258344.70666666667,-465782.66000000015,1317176.91,1782959.57,99534217.34,0.4657826599999964,7,0,7.0,-465782.66000000015,0.0,1317176.91,1782959.57,0.0,0.0,99534217.34,0.0,0.0,1.3536219443749589,False,-0.36296039853567813
2024-01-15 07:05:00,1924501.69,1818695.85,8,467899.6925,105805.83999999985,3241678.5999999996,3601655.42,99640023.18,0.35997681999999287,7,5,7.083333333333333,-179988.41000000015,404174.1043982469,1620839.2999999998,1800827.71,-465782.66000000015,0.0,99534217.34,105805.84000000358,0.0010630097149262779,0.9450216954602935,False,-0.3522787037673134
2024-01-15 07:10:00,1165955.3599999999,411502.22000000003,11,143405.23454545453,754453.1399999999,4407633.959999999,4013157.64,100394476.32,0.0,7,10,7.166666666666667,131492.10666666654,610523.292038775,1469211.32,1337719.2133333334,105805.83999999985,-465782.66000000015,99640023.18,754453.1399999857,0.007571788081954415,0.35293136780125106,False,-0.35361421139154114
2024-01-15 07:15:00,557529.01,193518.11000000002,9,83449.68,364010.9,4965162.969999999,4206675.75,100758487.22,0.0,7,15,7.25,408089.95999999996,326562.47885693377,1215995.3533333333,807905.3933333334,754453.1399999999,105805.83999999985,100394476.32,364010.90000000596,0.003625806053709051,0.34709962446617804,False,-0.3618203557147153
2024-01-15 07:20:00,1773270.6800000002,644873.27,10,241814.39500000002,1128397.4100000001,6738433.6499999985,4851549.02,101886884.63,0.0,7,20,7.333333333333333,748953.8166666668,382222.9272104678,1165585.0166666666,416631.2,364010.9,754453.1399999999,100758487.22,1128397.4099999964,0.011199030881996171,0.3636631887467964,False,-0.3540288580369844
2024-01-15 07:25:00,1126557.03,1577503.36,14,193147.17071428572,-450946.3300000001,7864990.679999999,6429052.38,101435938.3,0.0,7,25,7.416666666666667,347153.9933333334,789806.7983665839,1152452.24,805298.2466666667,1128397.4100000001,364010.9,101886884.63,-450946.3299999982,-0.004425950716204544,1.4002871740989447,False,-0.3476318750012507
2024-01-15 07:30:00,1840324.55,3451642.87,17,311292.2011764706,-1611318.32,9705315.229999999,9880695.25,99824619.98,0.17538001999999583,7,30,7.5,-311289.07999999996,1375186.7803722266,1580050.7533333332,1891339.8333333333,-450946.3300000001,1128397.4100000001,101435938.3,-1611318.3199999928,-0.015885083206254452,1.8755620414888232,False,-0.36368134676395997
2024-01-15 07:35:00,148193.65000000002,1008057.88,11,105113.77545454545,-859864.23,9853508.879999999,10888753.13,98964755.75,1.0352442499999999,7,35,7.583333333333333,-974042.96,588551.9310837828,1038358.4100000001,2012401.37,-1611318.32,-450946.3300000001,99824619.98,-859864.2300000042,-0.008613749094885402,6.802301448138971,False,-0.3673434213513558
2024-01-15 07:40:00,1564270.5,1890496.09,10,345476.65900000004,-326225.5900000001,11417779.379999999,12779249.22,98638530.16,1.3614698400000036,7,40,7.666666666666667,-932469.3799999999,645615.5682986627,1184262.9000000001,2116732.28,-859864.23,-1611318.32,98964755.75,-326225.5900000036,-0.003296381499936189,1.2085480676136258,False,-0.33722162896222163
2024-01-15 07:45:00,3488775.1999999997,709949.88,12,349893.75666666665,2778825.32,14906554.579999998,13489199.100000001,101417355.48,0.0,7,45,7.75,530911.8333333333,1964950.0838898374,1733746.45,1202834.6166666667,-326225.5900000001,-859864.23,98638530.16,2778825.3200000077,0.028171803812288353,0.20349545020842846,False,-0.39834985783554644
2024-01-15 07:50:00,2200317.79,978262.0,7,454082.82714285713,1222055.79,17106872.369999997,14467461.100000001,102639411.27,0.0,7,50,7.833333333333333,1224885.173333333,1552527.3886410154,2417787.83,1192902.6566666667,2778825.32,-326225.5900000001,101417355.48,1222055.7899999917,0.012049769827029133,0.4446003229378971,False,-0.3555602516606594
2024-01-15 07:55:00,2584155.27,1864907.29,22,202230.11636363633,719247.98,19691027.639999997,16332368.39,103358659.25,0.0,7,55,7.916666666666667,1573376.3633333333,1073794.3535872279,2757749.42,1184373.0566666666,1222055.79,2778825.32,102639411.27,719247.9800000042,0.007007522462380198,0.7216699830889032,False,-0.36472327192434273
2024-01-15 08:00:00,3342166.05,3747486.85,26,272678.9576923077,-405320.8000000003,23033193.689999998,20079855.240000002,102953338.45,0.0,8,0,8.0,511994.32333333325,833249.1824606155,2708879.7033333336,2196885.3800000004,719247.98,1222055.79,103358659.25,-405320.799999997,-0.003921498236733339,1.1212748839932714,False,-0.3716937562699554
2024-01-15 08:05:00,2439443.49,9240628.459999999,21,556193.9023809524,-6801184.969999999,25472637.18,29320483.700000003,96152153.48,3.8478465199999956,8,5,8.083333333333334,-2162419.263333333,4056448.470799018,2788588.27,4951007.533333333,-405320.8000000003,719247.98,102953338.45,-6801184.969999999,-0.06606084923902726,3.7880067719871624,False,-0.4663487985229663
2024-01-15 08:10:00,4857742.04,9035021.120000001,25,555710.5264,-4177279.080000001,30330379.22,38355504.82000001,91974874.4,8.025125599999994,8,10,8.166666666666666,-3794594.9500000007,3215059.0939806746,3546450.5266666673,7341045.476666667,-6801184.969999999,-405320.8000000003,96152153.48,-4177279.079999998,-0.04344446722005958,1.8599219648970906,False,-0.45434680168932073
2024-01-15 08:15:00,3878501.69,5106238.34,24,374364.16791666666,-1227736.65,34208880.91,43461743.16000001,90747137.75,9.25286225,8,15,8.25,-4068733.5666666664,2788309.190221971,3725229.0733333337,7793962.640000001,-4177279.080000001,-6801184.969999999,91974874.4,-1227736.650000006,-0.013348609150152924,1.3165492110434016,False,-0.39619923946680985
2024-01-15 08:20:00,2125519.8200000003,4501216.649999999,25,265069.45879999996,-2375696.829999999,36334400.73,47962959.81000001,88371440.92,11.628559079999997,8,20,8.333333333333334,-2593570.8533333335,1486792.5054038882,3620587.85,6214158.703333333,-1227736.65,-4177279.080000001,90747137.75,-2375696.829999998,-0.02617930315934398,2.1177015653516693,False,-0.3854807171942239
2024-01-15 08:25:00,1746218.6800000002,1930751.23,27,136184.07074074075,-184532.5499999998,38080619.41,49893711.04000001,88186908.37,11.813091629999995,8,25,8.416666666666666,-1262655.343333333,1095999.4123379183,2583413.396666667,3846068.7399999998,-2375696.829999999,-1227736.65,88371440.92,-184532.54999999702,-0.002088146895409896,1.1056755102402178,False,-0.36232882994735083
2024-01-15 08:30:00,5226653.1899999995,7898653.05,40,328132.656,-2671999.8600000003,43307272.599999994,57792364.09,85514908.51,14.485091489999993,8,30,8.5,-1744076.413333333,1358705.879740826,3032797.2300000004,4776873.643333334,-184532.5499999998,-2375696.829999999,88186908.37,-2671999.8599999994,-0.03029928035110683,1.5112257811771896,False,-0.4766085913604278
2024-01-15 08:35:00,2549731.2,2981527.37,26,212740.71423076926,-431796.1699999999,45857003.8,60773891.46,85083112.34,14.916887659999997,8,35,8.583333333333334,-1096109.5266666666,1370349.4377216212,3174201.0233333334,4270310.550000001,-2671999.8600000003,-184532.5499999998,85514908.51,-431796.1700000018,-0.0050493671515710985,1.1693496828214676,False,-0.35737768490068517
2024-01-15 08:40:00,9265517.75,6177898.0,34,454218.11029411765,3087619.75,55122521.55,66951789.46,88170732.09,11.829267909999997,8,40,8.666666666666666,-5392.093333333421,2903389.371135502,5680634.046666667,5686026.140000001,-431796.1699999999,-2671999.8600000003,85083112.34,3087619.75,0.03628945468827686,0.6667623080210493,False,-0.476262772042948
2024-01-15 08:45:00,3368499.12,3657820.96,31,226655.4864516129,-289321.83999999985,58491020.669999994,70609610.42,87881410.25,12.11858975,8,45,8.75,788833.9133333334,1992081.0665787908,5061249.356666666,4272415.443333333,3087619.75,-431796.1699999999,88170732.09,-289321.8400000036,-0.0032813818502116917,1.085890430631907,False,-0.38305565156957605
2024-01-15 08:50:00,8523647.540000001,3058971.36,35,330931.96857142856,5464676.180000002,67014668.20999999,73668581.78,93346086.43,6.653913569999993,8,50,8.833333333333334,2754324.6966666672,2891442.113889424,7052554.803333335,4298230.106666666,-289321.83999999985,3087619.75,87881410.25,5464676.180000007,0.062182390615426054,0.3588805550258592,False,-0.4629958496960083
2024-01-15 08:55:00,4327425.45,3776686.8,40,202602.80625,550738.6500000004,71342093.66,77445268.58,93896825.08,6.103174920000002,8,55,8.916666666666666,1908697.663333334,3108080.245901145,5406524.036666668,3497826.373333333,5464676.180000002,-289321.83999999985,93346086.43,550738.6499999911,0.005899965076875382,0.8727329548796733,False,-0.4306618193780545
2024-01-15 09:00:00,7918467.9,657625.15,26,329849.73269230773,7260842.75,79260561.56,78102893.73,101157667.83,0.0,9,0,9.0,4425419.193333334,3473674.6496269363,6923180.296666668,2497761.103333333,550738.6500000004,5464676.180000002,93896825.08,7260842.75,0.07732788349141485,0.08304954421801722,False,-0.47878619689378227
2024-01-15 09:05:00,1137476.91,7790496.390000001,25,357118.93200000003,-6653019.48,80398038.47,85893390.12,94504648.35000001,5.495351649999991,9,5,9.083333333333334,386187.30666666664,6958390.50336353,4461123.420000001,4074936.1133333333,7260842.75,550738.6500000004,101157667.83,-6653019.479999989,-0.06576881043936963,6.8489270608578785,False,-0.4659627015173641
2024-01-15 09:10:00,9057111.65,3271811.0300000003,43,286719.1320930233,5785300.62,89455150.12,89165201.15,100289948.97,0.0,9,10,9.166666666666666,2131041.2966666664,7642911.679489801,6037685.486666667,3906644.19,-6653019.48,7260842.75,94504648.35000001,5785300.61999999,0.061217101179764234,0.3612422101476468,False,-0.5069913682266108
2024-01-15 09:15:00,52486809.379999995,3927237.67,28,2014787.3946428571,48559571.70999999,141941959.5,93092438.82000001,148849520.68,0.0,9,15,9.25,15897284.283333331,28961987.44361575,20893799.313333333,4996515.03,5785300.62,-6653019.48,100289948.97,48559571.71000001,0.4841918079400535,0.07482332640125133,True,-0.781055438580187
2024-01-15 09:20:00,6570861.49,6108361.66,32,396225.7234375,462499.8300000001,148512820.99,99200800.48,149312020.51,0.0,9,20,9.333333333333334,18269124.05333333,26366957.854357287,22704927.506666664,4435803.453333333,48559571.70999999,5785300.62,148849520.68,462499.8299999833,0.003107163717337563,0.9296135170854134,False,-0.5620037739853528
2024-01-15 09:25:00,4900313.48,1645475.4,18,363654.9377777778,3254838.0800000005,153413134.47,100846275.88000001,152566858.59,0.0,9,25,9.416666666666666,17425636.54,26998902.340704992,21319328.116666663,3893691.576666666,462499.8300000001,48559571.70999999,149312020.51,3254838.080000013,0.021798901849178473,0.33578982379715017,False,-0.55564569165255
2024-01-15 09:30:00,1965647.31,8171566.99,28,362043.3678571429,-6205919.68,155378781.78,109017842.87,146360938.91,0.0,9,30,9.5,-829527.2566666665,4860913.992538938,4478940.760000001,5308468.016666667,3254838.0800000005,462499.8300000001,152566858.59,-6205919.680000007,-0.04067672191296449,4.157188804129872,False,-0.443087690702045
2024-01-15 09:35:00,2079122.27,6357196.59,28,301297.1021428571,-4278074.32,157457904.05,115375039.46000001,142082864.59,0.0,9,35,9.583333333333334,-2409718.64,4999454.876143177,2981694.3533333335,5391412.993333333,-6205919.68,3254838.0800000005,146360938.91,-4278074.319999993,-0.02922961790119875,3.0576347922048854,False,-0.41885078066656317
2024-01-15 09:40:00,10939277.89,1882571.61,18,712324.9722222222,9056706.280000001,168397181.94,117257611.07000001,151139570.87,0.0,9,40,9.666666666666666,-475762.57333333296,8311445.046611719,4994682.49,5470445.0633333335,-4278074.32,-6205919.68,142082864.59,9056706.280000001,0.06374242457832192,0.1720928592298518,False,-0.4944074769691289
2024-01-15 09:45:00,949603.31,2016406.15,23,128956.93304347826,-1066802.8399999999,169346785.25,119274017.22000001,150072768.03,0.0,9,45,9.75,1237276.3733333338,6959574.64063147,4656001.156666667,3418724.783333333,9056706.280000001,-4278074.32,151139570.87,-1066802.8400000036,-0.007058395322013948,2.123419462385825,False,-0.3712630800088362
2024-01-15 09:50:00,5881917.39,4376251.89,17,603421.7223529413,1505665.5,175228702.64,123650269.11000001,151578433.53,0.0,9,50,9.833333333333334,3165189.646666667,5261831.859790709,5923599.53,2758409.883333333,-1066802.8399999999,9056706.280000001,150072768.03,1505665.5,0.010032902836169536,0.744017911139007,False,-0.39317887544380675
2024-01-15 09:55:00,2404478.07,4344628.43,14,482079.03571428574,-1940150.3599999999,177633180.70999998,127994897.54000002,149638283.17000002,0.0,9,55,9.916666666666666,-500429.2333333332,1791367.0846601622,3078666.2566666664,3579095.4899999998,1505665.5,-1066802.8399999999,151578433.53,-1940150.3599999845,-0.012799646459045872,1.806890436725838,False,-0.35163376561964954
2024-01-15 10:00:00,3053705.3200000003,857318.7699999999,15,260734.93933333334,2196386.5500000003,180686886.02999997,128852216.31000002,151834669.72,0.0,10,0,10.0,587300.5633333335,2215915.165258512,3780033.5933333333,3192733.0299999993,-1940150.3599999999,1505665.5,149638283.17000002,2196386.549999982,0.01467797213033196,0.28074705322254206,False,-0.36011571795630143
2024-01-15 10:05:00,1439844.54,1535814.1600000001,13,228896.8230769231,-95969.62000000011,182126730.56999996,130388030.47000001,151738700.1,0.0,10,5,10.083333333333334,53422.1900000001,2072310.9893594384,2299342.643333333,2245920.453333333,2196386.5500000003,-1940150.3599999999,151834669.72,-95969.62000000477,-0.0006320665772644905,1.066652765165884,False,-0.3303006060821844
2024-01-15 10:10:00,922670.23,2768425.21,17,217123.2611764706,-1845754.98,183049400.79999995,133156455.68,149892945.12,0.0,10,10,10.166666666666666,84887.31666666672,2027130.7211903043,1805406.6966666665,1720519.3799999997,-95969.62000000011,2196386.5500000003,151738700.1,-1845754.9799999893,-0.012164035798274176,3.000449261270736,False,-0.3529848299181551
2024-01-15 10:15:00,1593768.1800000002,545505.11,15,142618.21933333334,1048263.0700000002,184643168.97999996,133701960.79,150941208.19,0.0,10,15,10.25,-297820.50999999995,1457529.744045486,1318760.9833333334,1616581.4933333332,-1845754.98,-95969.62000000011,149892945.12,1048263.0699999928,0.0069934116589728985,0.342273811740927,False,-0.3410516649520695
2024-01-15 10:20:00,737732.97,467559.42,10,120529.23899999999,270173.55,185380901.94999996,134169520.21000001,151211381.74,0.0,10,20,10.333333333333334,-175772.78666666662,1497660.2484615024,1084723.7933333332,1260496.5799999996,1048263.0700000002,-1845754.98,150941208.19,270173.5500000119,0.001789925715050101,0.6337786692656558,False,-0.3322925961980204
2024-01-15 10:25:00,1850208.05,2227669.88,15,271858.52866666665,-377461.82999999984,187231109.99999997,136397190.09,150833919.91,0.0,10,25,10.416666666666666,313658.2633333334,713856.4721572257,1393903.0666666667,1080244.803333333,270173.55,1048263.0700000002,151211381.74,-377461.8300000131,-0.002496252766534723,1.2040104787134613,False,-0.33871771498340747
2024-01-15 10:30:00,2623833.2099999995,4517613.41,15,476096.4413333333,-1893780.2000000007,189854943.20999998,140914803.5,148940139.71,0.0,10,30,10.5,-667022.8266666668,1110656.6238618584,1737258.0766666664,2404280.903333333,-377461.82999999984,270173.55,150833919.91,-1893780.199999988,-0.012555400013007513,1.721760892720769,False,-0.3550833370345563
2024-01-15 10:35:00,870526.1900000001,984953.76,10,185547.99500000002,-114427.56999999995,190725469.39999998,141899757.26,148825712.14,0.0,10,35,10.583333333333334,-795223.2000000001,960425.6177188838,1781522.4833333334,2576745.683333333,-1893780.2000000007,-377461.82999999984,148940139.71,-114427.57000002265,-0.0007682789221416304,1.1314464416056225,False,-0.32494389523043077
2024-01-15 10:40:00,845799.62,2554783.4899999998,9,377842.5677777778,-1708983.8699999996,191571269.01999998,144454540.75,147116728.27,0.0,10,40,10.666666666666666,-1239063.8800000001,978336.6206085193,1446719.673333333,2685783.553333333,-114427.56999999995,-1893780.2000000007,148825712.14,-1708983.869999975,-0.011483122408259253,3.020554076389866,False,-0.3499371894954816
2024-01-15 10:45:00,404456.7,2307677.2199999997,11,246557.6290909091,-1903220.5199999998,191975725.71999997,146762217.97,145213507.75,0.0,10,45,10.75,-1242210.653333333,981505.4667911706,706927.5033333334,1949138.1566666663,-1708983.8699999996,-114427.56999999995,147116728.27,-1903220.5200000107,-0.012936805639852682,5.705622431276326,False,-0.35171463424691163
2024-01-15 10:50:00,622165.23,0.0,2,311082.615,622165.23,192597890.94999996,146762217.97,145835672.98,0.0,10,50,10.833333333333334,-996679.7199999997,1405320.6744927282,624140.5166666667,1620820.2366666663,-1903220.5199999998,-1708983.8699999996,145213507.75,622165.2299999893,0.004284485924485143,0.0,False,-0.373442336913833
2024-01-15 10:55:00,1569160.0999999999,35551.22,4,401177.82999999996,1533608.88,194167051.04999995,146797769.19,147369281.86,0.0,10,55,10.916666666666666,84184.53000000003,1780454.016917021,865260.6766666666,781076.1466666664,622165.23,-1903220.5199999998,145835672.98,1533608.880000025,0.010516006465786635,0.022656209522533746,False,-0.36371509034938004
2024-01-15 11:00:00,1982306.1600000001,1169373.19,11,286516.30454545456,812932.9700000002,196149357.20999995,147967142.38,148182214.82999998,0.0,11,0,11.0,989569.0266666667,480710.5201343934,1391210.4966666666,401641.4699999997,1533608.88,622165.23,147369281.86,812932.969999969,0.005516298646092682,0.5899054412462704,False,-0.33412699604756646
2024-01-15 11:05:00,878395.3799999999,759837.8200000001,9,182025.9111111111,118557.55999999982,197027752.58999994,148726980.2,148300772.39,0.0,11,5,11.083333333333334,821699.8033333333,707566.394470473,1476620.5466666666,654920.743333333,812932.9700000002,1533608.88,148182214.82999998,118557.56000000238,0.0008000795516251118,0.865029390295746,False,-0.32565474815021755
2024-01-15 11:10:00,6301648.859999999,75893.98999999999,6,1062923.8083333333,6225754.869999999,203329401.44999993,148802874.19,154526527.26,0.0,11,10,11.166666666666666,2385748.4666666663,3343617.230744928,3054116.7999999993,668368.333333333,118557.55999999982,812932.9700000002,148300772.39,6225754.870000005,0.041980596389798785,0.012043513005261292,False,-0.43921911758026727
2024-01-15 11:15:00,671721.47,2145116.42,8,352104.73624999996,-1473394.95,204001122.91999993,150947990.60999998,153053132.31,0.0,11,15,11.25,1623639.16,4064256.3839767664,2617255.2366666663,993616.0766666663,6225754.869999999,118557.55999999982,154526527.26,-1473394.949999988,-0.009534899774981122,3.1934611528793324,False,-0.3481728798914321
2024-01-15 11:20:00,174423.62,1011138.91,14,84683.03785714286,-836715.29,204175546.53999993,151959129.51999998,152216417.01999998,0.0,11,20,11.333333333333334,1305214.8766666662,4273186.822133981,2382597.983333333,1077383.1066666665,-1473394.95,6225754.869999999,153053132.31,-836715.2900000215,-0.005466828919942027,5.797029725675915,False,-0.3590386178849331
2024-01-15 11:25:00,129304.69,2664081.4,9,310376.2322222222,-2534776.71,204304851.22999993,154623210.92,149681640.31,0.0,11,25,11.416666666666666,-1614962.3166666667,857836.8935889482,325149.9266666667,1940112.243333333,-836715.29,-1473394.95,152216417.01999998,-2534776.7099999785,-0.01665245286693964,20.60313048196473,False,-0.4091520811917916
2024-01-15 11:30:00,10289298.99,1272136.79,11,1051039.6163636365,9017162.2,214594150.21999994,155895347.70999998,158698802.51,0.0,11,30,11.5,1881890.0666666664,6237382.019651032,3531009.1,1649119.0333333332,-2534776.71,-836715.29,149681640.31,9017162.199999988,0.06024227274183316,0.123636876645957,False,-0.49156076165728296
2024-01-15 11:35:00,365229.94,1325419.26,9,187849.9111111111,-960189.3200000001,214959380.15999994,157220766.96999997,157738613.19,0.0,11,35,11.583333333333334,1840732.0566666664,6264638.342617608,3594611.206666667,1753879.1499999997,9017162.2,-2534776.71,158698802.51,-960189.3199999928,-0.006050387934965602,3.6289994735918967,False,-0.35915870055368815
2024-01-15 11:40:00,232320.61,1578614.06,5,362186.934,-1346293.4500000002,215191700.76999995,158799381.02999997,156392319.73999998,0.0,11,40,11.666666666666666,2236893.143333333,5875057.911237543,3628949.846666667,1392056.7033333331,-960189.3200000001,9017162.2,157738613.19,-1346293.4500000179,-0.00853496441215934,6.794980694997315,False,-0.3772570481832855
2024-01-15 11:45:00,749375.4600000001,125482.48999999999,13,67296.76538461538,623892.9700000001,215941076.22999996,158924863.51999998,157016212.70999998,0.0,11,45,11.75,-560863.2666666667,1044032.8563037171,448975.33666666667,1009838.603333333,-1346293.4500000002,-960189.3200000001,156392319.73999998,623892.9699999988,0.003989281385666585,0.1674494251519792,False,-0.3420189143664071
2024-01-15 11:50:00,3962744.05,4401036.87,6,1393963.4866666666,-438292.8200000003,219903820.27999997,163325900.39,156577919.89,0.0,11,50,11.833333333333334,-386897.7666666668,986098.2309176734,1648146.7066666668,2035044.473333333,623892.9700000001,-1346293.4500000002,157016212.70999998,-438292.81999999285,-0.0027913857584216145,1.1106033633436407,False,-0.37221670110950467
2024-01-15 11:55:00,3265142.24,57172.01,11,302028.5681818182,3207970.2300000004,223168962.51999998,163383072.39999998,159785890.12,0.0,11,55,11.916666666666666,1131190.1266666667,1875319.0025488664,2659087.25,1527897.123333333,-438292.8200000003,623892.9700000001,156577919.89,3207970.230000019,0.02048801154245567,0.017509806862196605,False,-0.37455602937017896
2024-01-15 12:00:00,1721768.23,5380724.76,11,645681.1809090909,-3658956.53,224890730.74999997,168763797.15999997,156126933.58999997,0.0,12,0,12.0,-296426.37333333323,3435660.831385849,2983218.1733333333,3279644.5466666664,3207970.2300000004,-438292.8200000003,159785890.12,-3658956.530000031,-0.022899121613630193,3.1251156028125804,False,-0.3889838653642805
2024-01-15 12:05:00,2895579.6799999997,293461.77,12,265753.45416666666,2602117.9099999997,227786310.42999998,169057258.92999998,158729051.5,0.0,12,5,12.083333333333334,717043.8700000001,3801815.2090827557,2627496.716666667,1910452.8466666664,-3658956.53,3207970.2300000004,156126933.58999997,2602117.910000026,0.016666681719589564,0.10134819360246376,False,-0.36776158538919657
2024-01-15 12:10:00,1315082.5899999999,1655656.62,8,371342.40125,-340574.03000000026,229101393.01999998,170712915.54999998,158388477.46999997,0.0,12,10,12.166666666666666,-465804.2166666668,3132415.2399618514,1977476.8333333333,2443281.0499999993,2602117.9099999997,-3658956.53,158729051.5,-340574.030000031,-0.0021456313559590004,1.2589753925645082,False,-0.3320384521202544
2024-01-15 12:15:00,1559042.67,903788.54,10,246283.12099999998,655254.1299999999,230660435.68999997,171616704.08999997,159043731.6,0.0,12,15,12.25,972266.0033333331,1496740.2444350396,1923234.9799999997,950968.9766666665,-340574.03000000026,2602117.9099999997,158388477.46999997,655254.130000025,0.004137006305424808,0.5797073790161241,False,-0.3211506417053996
2024-01-15 12:20:00,1157609.8800000001,1779494.48,10,293710.436,-621884.5999999999,231818045.56999996,173396198.56999996,158421847.0,0.0,12,20,12.333333333333334,-102401.50000000007,671055.4741986389,1343911.7133333331,1446313.213333333,655254.1299999999,-340574.03000000026,159043731.6,-621884.599999994,-0.003910148446240267,1.537214316104489,False,-0.3251778699788724
2024-01-15 12:25:00,1096680.02,897790.53,6,332411.75833333336,198889.49,232914725.58999997,174293989.09999996,158620736.48999998,0.0,12,25,12.416666666666666,77419.67333333334,647176.1902200836,1271110.8566666667,1193691.1833333329,-621884.5999999999,655254.1299999999,158421847.0,198889.48999997973,0.0012554423128268396,0.8186440106750554,False,-0.33179858644619864
2024-01-15 12:30:00,638677.38,4185170.91,10,482384.829,-3546493.5300000003,233553402.96999997,178479160.00999996,155074242.95999998,0.0,12,30,12.5,-1323162.8800000001,1968709.4532018753,964322.4266666668,2287485.306666666,198889.49,-621884.5999999999,158620736.48999998,-3546493.530000001,-0.022358322174500716,6.552871670513836,False,-0.3829213616283779
2024-01-15 12:35:00,955148.2799999999,549463.85,9,167179.12555555554,405684.42999999993,234508551.24999997,179028623.85999995,155479927.39,0.0,12,35,12.583333333333334,-980639.8700000001,2224498.772803543,896835.2266666666,1877475.0966666664,-3546493.5300000003,198889.49,155074242.95999998,405684.43000000715,0.0026160658421182804,0.5752654969969689,False,-0.3308013756934526
2024-01-15 12:40:00,1753528.82,1053874.03,10,280740.28500000003,699654.79,236262080.06999996,180082497.88999996,156179582.17999998,0.0,12,40,12.666666666666666,-813718.1033333335,2371212.9369976535,1115784.8266666667,1929502.9299999997,405684.42999999993,-3546493.5300000003,155479927.39,699654.7899999917,0.004499968592376584,0.6010018301267498,False,-0.32879045629369547
2024-01-15 12:45:00,64603.53,1076937.5,5,228308.206,-1012333.97,236326683.59999996,181159435.38999996,155167248.20999998,0.0,12,45,12.75,31001.75,915432.5270663452,924426.8766666666,893425.1266666664,699654.79,405684.42999999993,156179582.17999998,-1012333.9699999988,-0.0064818586134598845,16.66994822109566,False,-0.4018236809108897
2024-01-15 12:50:00,4629845.82,3166131.79,12,649664.8008333334,1463714.0300000003,240956529.41999996,184325567.17999995,156630962.23999998,0.0,12,50,12.833333333333334,383678.28333333344,1267905.4732709574,2149326.0566666666,1765647.7733333327,-1012333.97,699654.79,155167248.20999998,1463714.0300000012,0.009433137771567892,0.6838525326962184,False,-0.3735983187398725
2024-01-15 12:55:00,1323960.0,401747.25,6,287617.875,922212.75,242280489.41999996,184727314.42999995,157553174.98999998,0.0,12,55,12.916666666666666,457864.2700000001,1301698.143862558,2006136.45,1548272.1799999997,1463714.0300000003,-1012333.97,156630962.23999998,922212.75,0.005887806196241881,0.3034436463337261,False,-0.34093437294383827
2024-01-15 13:00:00,1406706.85,2360310.58,7,538145.3471428572,-953603.73,243687196.26999995,187087625.00999996,156599571.26,0.0,13,0,13.0,477441.0166666668,1268551.4216154597,2453504.223333333,1976063.2066666663,922212.75,1463714.0300000003,157553174.98999998,-953603.7299999893,-0.006052583390087285,1.6778979785304948,False,-0.33744193603552286
2024-01-15 13:05:00,751325.65,4454688.17,17,306236.1070588236,-3703362.52,244438521.91999996,191542313.17999995,152896208.73999998,0.0,13,5,13.083333333333334,-1244917.8333333333,2326506.947058207,1160664.1666666667,2405581.9999999995,-953603.73,922212.75,156599571.26,-3703362.5200000107,-0.023648612127113503,5.929104337114006,False,-0.38737679722112345
2024-01-15 13:10:00,1412928.42,1045330.15,15,163883.90466666667,367598.2699999999,245851450.33999994,192587643.32999995,153263807.01,0.0,13,10,13.166666666666666,-1429789.326666667,2076835.3281578391,1190320.3066666666,2620109.6333333333,-3703362.52,-953603.73,152896208.73999998,367598.2700000107,0.0024042340423568753,0.7398323476287638,False,-0.340722020224959
2024-01-15 13:15:00,2022618.9400000002,3326273.9299999997,20,267444.6435,-1303654.9899999995,247874069.27999994,195913917.25999996,151960152.01999998,0.0,13,15,13.25,-1546473.08,2046313.9805644013,1395624.3366666667,2942097.416666666,367598.2699999999,-3703362.52,153263807.01,-1303654.9900000095,-0.008505954637515627,1.6445381105745995,False,-0.35683582102087813
2024-01-15 13:20:00,3868364.15,3455246.59,19,385453.1968421053,413117.56000000006,251742433.42999995,199369163.84999996,152373269.57999998,0.0,13,20,13.333333333333334,-174313.05333333323,978303.5872757229,2434637.17,2608950.2233333327,-1303654.9899999995,367598.2699999999,151960152.01999998,413117.5600000024,0.0027185913840467243,0.8932061346913268,False,-0.3671354809396344
2024-01-15 13:25:00,6978571.1,7452071.63,39,370016.48025641026,-473500.53000000026,258721004.52999994,206821235.47999996,151899769.04999998,0.0,13,25,13.416666666666666,-454679.32,858541.015658709,4289851.3966666665,4744530.716666666,413117.56000000006,-1303654.9899999995,152373269.57999998,-473500.5300000012,-0.003107503903441548,1.0678506420891807,False,-0.46542789551795144
2024-01-15 13:30:00,2096948.23,23357165.53,27,942744.9540740742,-21260217.3,260817952.75999993,230178401.00999996,130639551.74999999,0.0,13,30,13.5,-7106866.756666667,12265175.15615798,4314627.826666667,11421494.583333334,-473500.53000000026,413117.56000000006,151899769.04999998,-21260217.299999997,-0.13996214367516183,11.138646722813945,False,-0.5803224357540092
2024-01-15 13:35:00,1025128.94,37766746.43,43,902136.6365116278,-36741617.49,261843081.69999993,267945147.43999997,93897934.25999999,6.102065740000009,13,35,13.583333333333334,-19491778.44,18198615.578038603,3366882.7566666664,22858661.19666667,-21260217.3,-473500.53000000026,130639551.74999999,-36741617.489999995,-0.2812442097192055,36.84097185862298,True,-0.7051185330196638
2024-01-15 13:40:00,3534324.14,24426982.38,35,798894.472,-20892658.24,265377405.8399999,292372129.82,73005276.01999998,26.994723980000018,13,40,13.666666666666666,-26298164.343333334,9046162.729887981,2218800.436666667,28516964.78,-36741617.49,-21260217.3,93897934.25999999,-20892658.24000001,-0.2225039177342176,6.911358837619233,False,-0.5719600542110023
2024-01-15 13:45:00,6074077.99,32310021.91,30,1279469.9966666666,-26235943.92,271451483.8299999,324682151.73,46769332.09999999,53.230667900000014,13,45,13.75,-27956739.883333337,8063388.3316884395,3544510.356666667,31501250.24,-20892658.24,-36741617.49,73005276.01999998,-26235943.919999994,-0.35937051882130533,5.319329446081083,True,-0.6366606849104435
2024-01-15 13:50:00,2658524.33,33026945.57,42,849654.0452380952,-30368421.240000002,274110008.1599999,357709097.3,16400910.859999985,83.59908914000002,13,50,13.833333333333334,-25832341.133333337,4750757.046523948,4088975.486666667,29921316.619999994,-26235943.92,-20892658.24,46769332.09999999,-30368421.240000002,-0.6493233894182554,12.42303679425044,True,-0.6424589901633222
2024-01-15 13:55:00,2897846.06,26122558.6,32,906887.645625,-23224712.540000003,277007854.2199999,383831655.90000004,-6823801.680000022,106.82380168000003,13,55,13.916666666666666,-26609692.566666674,3586489.8627737197,3876816.126666667,30486508.69333333,-30368421.240000002,-26235943.92,16400910.859999985,-23224712.540000007,-1.4160623600877267,9.014474219517375,True,-0.6107849413180524
2024-01-15 14:00:00,1636501.81,36959254.39,32,1206117.38125,-35322752.58,278644356.0299999,420790910.29,-42146554.26000002,142.14655426000002,14,0,14.0,-29638628.786666673,6081947.9585958645,2397624.066666667,32036252.853333335,-23224712.540000003,-30368421.240000002,-6823801.680000022,-35322752.58,5.176403746247193,22.58430401002734,True,-0.7116166845230828
2024-01-15 14:05:00,6763487.420000001,11366662.01,21,863340.449047619,-4603174.589999999,285407843.4499999,432157572.3,-46749728.850000024,146.74972885000003,14,5,14.083333333333334,-21050213.236666664,15474800.592772488,3765945.096666667,24816158.333333332,-35322752.58,-23224712.540000003,-42146554.26000002,-4603174.590000004,0.10921829010275065,1.6805918757811482,False,-0.570799308095564
2024-01-15 14:10:00,3029465.15,23182156.65,33,794291.5696969697,-20152691.5,288437308.5999999,455339728.95,-66902420.350000024,166.90242035000003,14,10,14.166666666666666,-20026206.223333333,15360179.58439399,3809818.126666667,23836024.349999994,-4603174.589999999,-35322752.58,-46749728.850000024,-20152691.5,0.43107611521473005,7.652227539240713,False,-0.5961261913476757
2024-01-15 14:15:00,3371216.14,4439827.0,19,411107.5336842105,-1068610.8599999999,291808524.7399999,459779555.95,-67971031.21000004,167.97103121000004,14,15,14.25,-8608158.983333332,10152854.695189863,4388056.236666667,12996215.219999997,-20152691.5,-4603174.589999999,-66902420.350000024,-1068610.8600000143,0.01597267863269485,1.3169808210517169,False,-0.4282081639926904
2024-01-15 14:20:00,1158074.98,3758569.73,13,378203.43923076923,-2600494.75,292966599.7199999,463538125.68,-70571525.96000004,170.57152596000006,14,20,14.333333333333334,-7940599.036666666,10603681.851737298,2519585.4233333333,10460184.459999997,-1068610.8599999999,-20152691.5,-67971031.21000004,-2600494.75,0.03825886857543232,3.2455322797838186,False,-0.435611591841337
2024-01-15 14:25:00,2862515.39,2942710.6999999997,11,527747.8263636363,-80195.30999999959,295829115.1099999,466480836.38,-70651721.27000004,170.65172127000002,14,25,14.416666666666666,-1249766.9733333332,1269878.131894914,2463935.5033333334,3713702.4766666642,-2600494.75,-1068610.8599999999,-70571525.96000004,-80195.31000000238,0.001136369221284192,1.02801567819693,False,-0.34618084811634225
2024-01-15 14:30:00,2510783.67,2635658.8000000003,11,467858.4063636363,-124875.13000000035,298339898.7799999,469116495.18,-70776596.40000004,170.77659640000002,14,30,14.5,-935188.3966666666,1442370.6213793952,2177124.68,3112313.0766666643,-80195.30999999959,-2600494.75,-70651721.27000004,-124875.12999999523,0.001767474702035595,1.049735519428482,False,-0.3415721745136284
2024-01-15 14:35:00,294602.89,666979.48,6,160263.72833333336,-372376.58999999997,298634501.6699999,469783474.66,-71148972.99000004,171.14897299000006,14,35,14.583333333333334,-192482.3433333333,157386.55141694774,1889300.6500000001,2081782.9933333306,-124875.13000000035,-80195.30999999959,-70776596.40000004,-372376.5900000036,0.005261295526214417,2.2639950341288233,False,-0.3478334864463652
2024-01-15 14:40:00,1006260.3200000001,2220077.31,10,322633.763,-1213816.99,299640761.9899999,472003551.97,-72362789.98000005,172.36278998000006,14,40,14.666666666666666,-570356.2366666668,570828.8263446863,1270548.96,1840905.1966666642,-372376.58999999997,-124875.13000000035,-71148972.99000004,-1213816.9900000095,0.01706021800442026,2.2062653826993794,False,-0.33829327800275566
2024-01-15 14:45:00,2107254.42,977951.85,8,385650.78375,1129302.5699999998,301748016.4099999,472981503.82000005,-71233487.41000006,171.23348741000007,14,45,14.75,-152297.00333333333,1186961.9144961904,1136039.21,1288336.2133333308,-1213816.99,-372376.58999999997,-72362789.98000005,1129302.5699999928,-0.01560612257089748,0.46408817118532847,False,-0.34482759162122956
2024-01-15 14:50:00,283089.82999999996,601895.15,7,126426.42571428571,-318805.32000000007,302031106.2399999,473583398.97,-71552292.73000005,171.55229273000006,14,50,14.833333333333334,-134439.91333333336,1182389.6441086824,1132201.5233333332,1266641.4366666642,1129302.5699999998,-1213816.99,-71233487.41000006,-318805.31999999285,0.004475497853489026,2.1261630981233064,False,-0.336526151270335
2024-01-15 14:55:00,925224.9,1796495.78,8,340215.085,-871270.88,302956331.13999987,475379894.75,-72423563.61000004,172.42356361000003,14,55,14.916666666666666,-20257.876666666707,1033160.9091289507,1105189.7166666666,1125447.593333331,-318805.32000000007,1129302.5699999998,-71552292.73000005,-871270.8799999952,0.012176701077737703,1.9416855080316149,False,-0.33116509213763146
2024-01-15 15:00:00,242074.83000000002,1144342.48,8,173302.16375,-902267.6499999999,303198405.96999985,476524237.23,-73325831.26000005,173.32583126000006,15,0,15.0,-697447.95,328280.1865448054,483463.1866666667,1180911.1366666642,-871270.88,-318805.32000000007,-72423563.61000004,-902267.650000006,0.012458205658847522,4.72722620521927,False,-0.3497233376042235
2024-01-15 15:05:00,1173870.92,4861472.6,11,548667.5927272727,-3687601.6799999997,304372276.88999987,481385709.83000004,-77013432.94000006,177.01343294000006,15,5,15.083333333333334,-1820380.0699999996,1617135.617558457,780390.2166666667,2600770.286666664,-902267.6499999999,-871270.88,-73325831.26000005,-3687601.680000007,0.05029062223549083,4.1414030428490385,False,-0.40709922570195634
2024-01-15 15:10:00,1374776.74,1703720.57,11,279863.39181818184,-328943.8300000001,305747053.6299999,483089430.40000004,-77342376.77000007,177.34237677000007,15,10,15.166666666666666,-1639604.3866666667,1796634.2799163824,930240.8300000001,2569845.216666664,-3687601.6799999997,-902267.6499999999,-77013432.94000006,-328943.8300000131,0.004271252656095567,1.2392707269690932,False,-0.33741545972623077
2024-01-15 15:15:00,87694.76,7394354.14,7,1068864.1285714286,-7306659.38,305834748.38999987,490483784.54,-84649036.15000007,184.64903615000006,15,15,15.25,-3774401.6299999994,3489667.4981534146,878780.8066666666,4653182.436666664,-328943.8300000001,-3687601.6799999997,-77342376.77000007,-7306659.379999995,0.09447161679202672,84.31922431853397,True,-0.6267996400038632
2024-01-15 15:20:00,739925.6100000001,2791330.81,13,271635.1092307692,-2051405.2,306574673.9999999,493275115.35,-86700441.35000005,186.70044135000006,15,20,15.333333333333334,-3229002.8033333328,3634856.3466402087,734132.3700000001,3963135.1733333305,-7306659.38,-328943.8300000001,-84649036.15000007,-2051405.199999988,0.024234241679549077,3.772447895133674,False,-0.383310033502765
2024-01-15 15:25:00,355572.49,345874.07,6,116907.76000000001,9698.419999999984,306930246.4899999,493620989.42,-86690742.93000007,186.69074293000008,15,25,15.416666666666666,-3116122.0533333328,3772597.1621330814,394397.62000000005,3510519.6733333305,-2051405.2,-7306659.38,-86700441.35000005,9698.419999986887,-0.00011186125294144054,0.9727244928312649,False,-0.38320857829197225
2024-01-15 15:30:00,1735858.63,517266.81,16,140820.34,1218591.8199999998,308666105.1199999,494138256.23,-85472151.11000007,185.47215111000008,15,30,15.5,-274371.6533333331,1653403.1518734945,943785.5766666667,1218157.2299999974,9698.419999999984,-2051405.2,-86690742.93000007,1218591.8199999928,-0.01405676983278325,0.2979890188407797,False,-0.3552198264284361
2024-01-15 15:35:00,428812.06,1618008.5899999999,16,127926.290625,-1189196.5299999998,309094917.1799999,495756264.82,-86661347.64000008,186.6613476400001,15,35,15.583333333333334,13031.236666666964,1203897.6349131211,840081.0599999999,827049.8233333308,1218591.8199999998,9698.419999999984,-85472151.11000007,-1189196.5300000012,0.013913263145437175,3.7732348059427245,False,-0.35251113084071095
2024-01-15 15:40:00,4951170.49,279344.33,6,871752.4700000001,4671826.16,314046087.6699999,496035609.15,-81989521.48000008,181.98952148000006,15,40,15.666666666666666,1567073.8166666671,2946010.271481507,2371947.06,804873.2433333308,-1189196.5299999998,1218591.8199999998,-86661347.64000008,4671826.159999996,-0.05390899503902513,0.05641985679228752,False,-0.4479450073101197
2024-01-15 15:45:00,1554831.29,1136032.06,14,192204.525,418799.23,315600918.9599999,497171641.21,-81570722.25000009,181.57072225000007,15,45,15.75,1300476.286666667,3028351.4603432766,2311604.6133333333,1011128.3266666642,4671826.16,-1189196.5299999998,-81989521.48000008,418799.2299999893,-0.0051079604129918976,0.7306465127801743,False,-0.35539105109121416
2024-01-15 15:50:00,433258.95,124941.94,6,93033.48166666667,308317.01,316034177.9099999,497296583.15,-81262405.2400001,181.2624052400001,15,50,15.833333333333334,1799647.4666666668,2487993.0496411663,2313086.91,513439.44333333086,418799.23,4671826.16,-81570722.25000009,308317.00999999046,-0.003779750889725512,0.28837705487676596,False,-0.3713254788800237
2024-01-15 15:55:00,922854.61,51118.51,5,194794.624,871736.1,316957032.5199999,497347701.65999997,-80390669.1400001,180.3906691400001,15,55,15.916666666666666,532950.7800000001,298551.838078289,970314.9500000001,437364.16999999754,308317.01,418799.23,-81262405.2400001,871736.099999994,-0.010727421830862768,0.05539172633054301,False,-0.3710794267088344
2024-01-15 16:00:00,1112530.18,650644.29,10,176317.447,461885.8899999999,318069562.6999999,497998345.95,-79928783.25000012,179.92878325000012,16,0,16.0,547313.0000000001,291262.1003264702,822881.2466666667,275568.2466666642,871736.1,308317.01,-80390669.1400001,461885.8899999857,-0.005745516176704697,0.584832934599581,False,-0.34613199915146625
2024-01-15 16:05:00,574089.7,1278467.12,10,185255.682,-704377.4200000002,318643652.3999999,499276813.07,-80633160.6700001,180.6331606700001,16,5,16.083333333333332,209748.19000000006,817749.0579651792,869824.8300000001,660076.6399999976,461885.8899999999,871736.1,-79928783.25000012,-704377.4199999869,0.008812562776000794,2.2269466252399237,False,-0.3432700417878538
2024-01-15 16:10:00,1728561.86,234024.12,8,245323.2475,1494537.7400000002,320372214.25999993,499510837.19,-79138622.9300001,179.13862293000008,16,10,16.166666666666668,417348.7366666668,1100133.9185481023,1138393.9133333333,721045.1766666643,-704377.4200000002,461885.8899999999,-80633160.6700001,1494537.7400000095,-0.018535026130459726,0.13538660398303592,False,-0.36403743941867833
2024-01-15 16:15:00,1884820.33,141763.86,9,225176.0211111111,1743056.4700000002,322257034.5899999,499652601.05,-77395566.4600001,177.3955664600001,16,15,16.25,844405.596666667,1347028.9582361577,1395823.9633333336,551418.3666666643,1494537.7400000002,-704377.4200000002,-79138622.9300001,1743056.4699999988,-0.02202535759993918,0.07521346079708296,False,-0.369332122713441
2024-01-15 16:20:00,1496317.51,2926962.02,16,276454.970625,-1430644.51,323753352.0999999,502579563.07,-78826210.97000009,178.8262109700001,16,20,16.333333333333332,602316.5666666669,1764975.4797791776,1703233.2333333334,1100916.6666666642,1743056.4700000002,1494537.7400000002,-77395566.4600001,-1430644.5099999905,0.01848483802672834,1.9561102509587018,False,-0.356728119644012
2024-01-15 16:25:00,458128.36,3087529.11,11,322332.4972727273,-2629400.75,324211480.4599999,505667092.18,-81455611.72000009,181.4556117200001,16,25,16.416666666666668,-772329.5966666663,2259342.6984458626,1279755.4,2052084.9966666643,-1430644.51,1743056.4700000002,-78826210.97000009,-2629400.75,0.03335693442122577,6.739441125190329,False,-0.3751194519023707
2024-01-15 16:30:00,78628.37,353317.03,5,86389.08,-274688.66000000003,324290108.8299999,506020409.21,-81730300.38000008,181.73030038000007,16,30,16.5,-1444911.3066666664,1177420.8732707675,677691.4133333333,2122602.7199999974,-2629400.75,-1430644.51,-81455611.72000009,-274688.6599999964,0.0033722496731621882,4.493505715557884,False,-0.37562284466882906
2024-01-15 16:35:00,988425.6799999999,3006351.02,10,399477.67000000004,-2017925.34,325278534.50999993,509026760.22999996,-83748225.72000009,183.74822572000008,16,35,16.583333333333332,-1640671.5833333333,1221845.9618084799,508394.13666666666,2149065.7199999974,-274688.66000000003,-2629400.75,-81730300.38000008,-2017925.3400000036,0.024690051677502493,3.041554950292267,False,-0.3634167080326765
2024-01-15 16:40:00,0.0,1666063.1700000002,6,277677.195,-1666063.1700000002,325278534.50999993,510692823.4,-85414288.89000008,185.41428889000008,16,40,16.666666666666668,-1319559.0566666666,921828.268194435,355684.6833333333,1675243.7399999977,-2017925.34,-274688.66000000003,-83748225.72000009,-1666063.169999987,0.01989371303901082,0.0,False,-0.3843672806890726
2024-01-15 16:45:00,8290093.04,192592.46,12,706890.4583333334,8097500.58,333568627.54999995,510885415.85999995,-77316788.31000006,177.31678831000005,16,45,16.75,1471170.6900000002,5741266.202241461,3092839.5733333337,1621668.883333331,-1666063.1700000002,-2017925.34,-85414288.89000008,8097500.580000013,-0.09480264584803015,0.023231640353218518,False,-0.514400843154451
2024-01-15 16:50:00,784634.6599999999,440954.70999999996,7,175084.19571428568,343679.94999999995,334353262.21,511326370.56999993,-76973108.36000007,176.97310836000005,16,50,16.833333333333332,2258372.4533333336,5155708.468466715,3024909.233333333,766536.7799999978,8097500.58,-1666063.1700000002,-77316788.31000006,343679.9499999881,-0.004445088285638695,0.5619872948258493,False,-0.38542279521947015
2024-01-15 16:55:00,709634.32,37643.76,10,74727.80799999999,671990.5599999999,335062896.53,511364014.3299999,-76301117.80000007,176.30111780000007,16,55,16.916666666666668,3037723.6966666672,4384969.047324695,3261454.0066666664,223730.30999999764,343679.94999999995,8097500.58,-76973108.36000007,671990.5600000024,-0.008730199082738482,0.053046701574410896,False,-0.3938026737223581
2024-01-15 17:00:00,501141.56000000006,3766576.26,8,533464.7275,-3265434.6999999997,335564038.09,515130590.5899999,-79566552.50000006,179.56655250000006,17,0,17.0,-749921.3966666666,2184674.426223544,665136.8466666667,1415058.243333331,671990.5599999999,343679.94999999995,-76301117.80000007,-3265434.699999988,0.042796682331172675,7.515992606959198,False,-0.4092757723734423
2024-01-15 17:05:00,1149984.74,492848.4,11,149348.46727272728,657136.34,336714022.83,515623438.9899999,-78909416.16000006,178.90941616000003,17,5,17.083333333333332,-645435.9333333332,2268997.645429449,786920.2066666667,1432356.1399999978,-3265434.6999999997,671990.5599999999,-79566552.50000006,657136.3400000036,-0.008258952026355586,0.42856951301805973,False,-0.3590280816906457
2024-01-15 17:10:00,1460683.47,2925258.21,10,438594.16799999995,-1464574.74,338174706.3,518548697.19999987,-80373990.90000007,180.37399090000005,17,10,17.166666666666668,-1357624.3666666665,1963471.333564379,1037269.9233333333,2394894.2899999977,657136.34,-3265434.6999999997,-78909416.16000006,-1464574.7400000095,0.018560202460887253,2.0026640063230126,False,-0.36027651737890265
2024-01-15 17:15:00,1283661.0699999998,1889365.73,10,317302.68,-605704.6600000001,339458367.37,520438062.9299999,-80979695.56000006,180.97969556000007,17,15,17.25,-471047.6866666667,1067245.919223611,1298109.76,1769157.4466666644,-1464574.74,657136.34,-80373990.90000007,-605704.6599999964,0.00753607794284601,1.4718571546303887,False,-0.34624682767122483
2024-01-15 17:20:00,299291.27,255940.39,5,111046.33200000001,43350.880000000005,339757658.64,520694003.3199999,-80936344.68000007,180.93634468000005,17,20,17.333333333333332,-675642.84,756391.7177162063,1014545.2699999999,1690188.1099999975,-605704.6600000001,-1464574.74,-80979695.56000006,43350.87999999523,-0.0005353302417378858,0.8551548797263615,False,-0.3657393891251795
2024-01-15 17:25:00,407626.86,363863.26,9,85721.12444444445,43763.59999999998,340165285.5,521057866.57999986,-80892581.08000007,180.89258108000007,17,25,17.416666666666668,-172863.3933333334,374851.58954169485,663526.3999999999,836389.7933333311,43350.880000000005,-605704.6600000001,-80936344.68000007,43763.59999999404,-0.0005407162897339041,0.8926380857237917,False,-0.3643095557106244
2024-01-15 17:30:00,174949.61,2298166.09,11,224828.7,-2123216.48,340340235.11,523356032.66999984,-83015797.56000006,183.01579756000007,17,30,17.5,-678700.6666666666,1250987.407535459,293955.9133333333,972656.5799999977,43763.59999999998,43350.880000000005,-80892581.08000007,-2123216.4799999893,0.026247357318221788,13.136160120619875,False,-0.40180617113135203
2024-01-15 17:35:00,840185.45,423274.81,4,315865.065,416910.63999999996,341180420.56,523779307.47999984,-82598886.92000008,182.59888692000007,17,35,17.583333333333332,-554180.7466666667,1371573.7412633467,474253.9733333332,1028434.7199999978,-2123216.48,43763.59999999998,-83015797.56000006,416910.6399999857,-0.005022063899327855,0.5037873602786147,False,-0.3746855612794374
2024-01-15 17:40:00,239003.05,1115137.94,7,193448.71285714285,-876134.8899999999,341419423.61,524894445.41999984,-83475021.81000006,183.47502181000007,17,40,17.666666666666668,-860813.5766666667,1270132.868412539,418046.03666666656,1278859.6133333312,416910.63999999996,-2123216.48,-82598886.92000008,-876134.8899999857,0.01060710286385037,4.665789578835919,False,-0.3661862115527928
2024-01-15 17:45:00,6663472.59,1424575.58,13,622157.5515384616,5238897.01,348082896.2,526319020.9999998,-78236124.80000007,178.23612480000006,17,45,17.75,1593224.2533333332,3222761.0944948494,2580887.03,987662.7766666645,-876134.8899999999,416910.63999999996,-83475021.81000006,5238897.00999999,-0.06276005559991822,0.2137887656561967,False,-0.4716932943081598
2024-01-15 17:50:00,2030635.8199999998,2851170.08,10,488180.59,-820534.2600000002,350113532.02,529170191.0799998,-79056659.06000006,179.05665906000004,17,50,17.833333333333332,1180742.6199999999,3514574.7462988403,2977703.82,1796961.199999998,5238897.01,-876134.8899999999,-78236124.80000007,-820534.2599999905,0.010487920536677575,1.4040775071130185,False,-0.3782158956425568
2024-01-15 17:55:00,1826726.06,3278270.1999999997,10,510499.626,-1451544.1399999997,351940258.08,532448461.2799998,-80508203.20000005,180.50820320000005,17,55,17.916666666666668,988939.5366666667,3694069.200897711,3506944.8233333337,2518005.2866666648,-820534.2600000002,5238897.01,-79056659.06000006,-1451544.1399999857,0.018360808023753394,1.7946151159632548,False,-0.3899644603046917
